<?xml version="1.0" encoding="UTF-8"?>
<!--
  ~ $Id$
  ~ $Revision$
  ~ $Date$
  ~ $Author$
  ~
  ~ The DOMS project.
  ~ Copyright (C) 2007-2010  The State and University Library
  ~
  ~ Licensed to the Apache Software Foundation (ASF) under one
  ~ or more contributor license agreements.  See the NOTICE file
  ~ distributed with this work for additional information
  ~ regarding copyright ownership.  The ASF licenses this file
  ~ to you under the Apache License, Version 2.0 (the
  ~ "License"); you may not use this file except in compliance
  ~ with the License.  You may obtain a copy of the License at
  ~
  ~ http://www.apache.org/licenses/LICENSE-2.0
  ~
  ~ Unless required by applicable law or agreed to in writing,
  ~ software distributed under the License is distributed on an
  ~ "AS IS" BASIS, WITHOUT WARRANTIES OR CONDITIONS OF ANY
  ~ KIND, either express or implied.  See the License for the
  ~ specific language governing permissions and limitations
  ~ under the License.
  -->

<con:soapui-project name="characteriser" soapui-version="3.6-beta2" abortOnError="false" runType="SEQUENTIAL" xmlns:con="http://eviware.com/soapui/config"><con:settings/><con:interface xsi:type="con:WsdlInterface" wsaVersion="NONE" name="CharacteriseSoapWebservicePortBinding" type="wsdl" bindingName="{http://characterise.bitstorage.doms.statsbiblioteket.dk/}CharacteriseSoapWebservicePortBinding" soapVersion="1_1" anonymous="optional" definition="http://localhost:8080/characteriser/characterise/?wsdl" xmlns:xsi="http://www.w3.org/2001/XMLSchema-instance"><con:settings/><con:definitionCache type="TEXT" rootPart="http://localhost:8080/characteriser/characterise/?wsdl"><con:part><con:url>http://localhost:8080/characteriser/characterise/?wsdl</con:url><con:content><![CDATA[<!--Published by JAX-WS RI at http://jax-ws.dev.java.net. RI's version is JAX-WS RI 2.1.7-b01-.-->
<!--~ $Id$
  ~ $Revision$
  ~ $Date$
  ~ $Author$
  ~
  ~ The DOMS project.
  ~ Copyright (C) 2007-2010  The State and University Library
  ~
  ~ Licensed to the Apache Software Foundation (ASF) under one
  ~ or more contributor license agreements.  See the NOTICE file
  ~ distributed with this work for additional information
  ~ regarding copyright ownership.  The ASF licenses this file
  ~ to you under the Apache License, Version 2.0 (the
  ~ "License"); you may not use this file except in compliance
  ~ with the License.  You may obtain a copy of the License at
  ~
  ~ http://www.apache.org/licenses/LICENSE-2.0
  ~
  ~ Unless required by applicable law or agreed to in writing,
  ~ software distributed under the License is distributed on an
  ~ "AS IS" BASIS, WITHOUT WARRANTIES OR CONDITIONS OF ANY
  ~ KIND, either express or implied.  See the License for the
  ~ specific language governing permissions and limitations
  ~ under the License.-->
<definitions targetNamespace="http://characterise.bitstorage.doms.statsbiblioteket.dk/" name="CharacteriseSoapWebserviceService" xmlns:soap="http://schemas.xmlsoap.org/wsdl/soap/" xmlns:tns="http://characterise.bitstorage.doms.statsbiblioteket.dk/" xmlns:xsd="http://www.w3.org/2001/XMLSchema" xmlns="http://schemas.xmlsoap.org/wsdl/">
  <types>
    <xsd:schema>
      <xsd:import namespace="http://characterise.bitstorage.doms.statsbiblioteket.dk/" schemaLocation="http://localhost:8080/characteriser/characterise/?xsd=1"/>
    </xsd:schema>
  </types>
  <message name="characterise">
    <part name="parameters" element="tns:characterise"/>
  </message>
  <message name="characteriseResponse">
    <part name="parameters" element="tns:characteriseResponse"/>
  </message>
  <message name="FileNotAvailableException">
    <part name="fault" element="tns:FileNotAvailableException"/>
  </message>
  <message name="CommunicationException">
    <part name="fault" element="tns:CommunicationException"/>
  </message>
  <message name="ObjectNotFoundException">
    <part name="fault" element="tns:ObjectNotFoundException"/>
  </message>
  <portType name="CharacteriseSoapWebservice">
    <documentation>Java interface the bitstorage system.</documentation>
    <operation name="characterise">
      <documentation>Upload the provided file to the temporary area of
                bitstorage, giving it the provided file name. Return the MD5
                checksum of the file. The file is only uploaded to a temporary
                approve-area of the bitstorage, and needs to be approved by
                calling approveFile before it is actually moved to the permanent
                bitstorage.</documentation>
      <input message="tns:characterise"/>
      <output message="tns:characteriseResponse"/>
      <fault message="tns:FileNotAvailableException" name="FileNotAvailableException"/>
      <fault message="tns:CommunicationException" name="CommunicationException"/>
      <fault message="tns:ObjectNotFoundException" name="ObjectNotFoundException"/>
    </operation>
  </portType>
  <binding name="CharacteriseSoapWebservicePortBinding" type="tns:CharacteriseSoapWebservice">
    <soap:binding transport="http://schemas.xmlsoap.org/soap/http" style="document"/>
    <operation name="characterise">
      <soap:operation soapAction=""/>
      <input>
        <soap:body use="literal"/>
      </input>
      <output>
        <soap:body use="literal"/>
      </output>
      <fault name="FileNotAvailableException">
        <soap:fault name="FileNotAvailableException" use="literal"/>
      </fault>
      <fault name="CommunicationException">
        <soap:fault name="CommunicationException" use="literal"/>
      </fault>
      <fault name="ObjectNotFoundException">
        <soap:fault name="ObjectNotFoundException" use="literal"/>
      </fault>
    </operation>
  </binding>
  <service name="CharacteriseSoapWebserviceService">
    <port name="CharacteriseSoapWebservicePort" binding="tns:CharacteriseSoapWebservicePortBinding">
      <soap:address location="http://localhost:8080/characteriser/characterise/"/>
    </port>
  </service>
</definitions>]]></con:content><con:type>http://schemas.xmlsoap.org/wsdl/</con:type></con:part><con:part><con:url>http://localhost:8080/characteriser/characterise/?xsd=1</con:url><con:content><![CDATA[<!--Published by JAX-WS RI at http://jax-ws.dev.java.net. RI's version is JAX-WS RI 2.1.7-b01-.-->
<!--~ $Id$
  ~ $Revision$
  ~ $Date$
  ~ $Author$
  ~
  ~ The DOMS project.
  ~ Copyright (C) 2007-2010  The State and University Library
  ~
  ~ Licensed to the Apache Software Foundation (ASF) under one
  ~ or more contributor license agreements.  See the NOTICE file
  ~ distributed with this work for additional information
  ~ regarding copyright ownership.  The ASF licenses this file
  ~ to you under the Apache License, Version 2.0 (the
  ~ "License"); you may not use this file except in compliance
  ~ with the License.  You may obtain a copy of the License at
  ~
  ~ http://www.apache.org/licenses/LICENSE-2.0
  ~
  ~ Unless required by applicable law or agreed to in writing,
  ~ software distributed under the License is distributed on an
  ~ "AS IS" BASIS, WITHOUT WARRANTIES OR CONDITIONS OF ANY
  ~ KIND, either express or implied.  See the License for the
  ~ specific language governing permissions and limitations
  ~ under the License.-->
<xs:schema version="1.0" targetNamespace="http://characterise.bitstorage.doms.statsbiblioteket.dk/" jaxb:version="1.0" jaxb:extensionBindingPrefixes="xjc" xmlns:tns="http://characterise.bitstorage.doms.statsbiblioteket.dk/" xmlns:xs="http://www.w3.org/2001/XMLSchema" xmlns:jaxb="http://java.sun.com/xml/ns/jaxb" xmlns:xjc="http://java.sun.com/xml/ns/jaxb/xjc">
  <xs:annotation>
    <xs:appinfo>
      <jaxb:globalBindings>
        <xjc:simple/>
      </jaxb:globalBindings>
    </xs:appinfo>
  </xs:annotation>
  <xs:element name="CommunicationException" type="xs:string"/>
  <xs:element name="FileNotAvailableException" type="xs:string"/>
  <xs:element name="ObjectNotFoundException" type="xs:string"/>
  <xs:element name="characteriseResponse" type="tns:characteriseResponse"/>
  <xs:element name="characterise" type="tns:characterise"/>
  <xs:element name="pid" type="xs:string"/>
  <xs:element name="acceptedFormats" type="xs:anyURI"/>
  <!--<xs:element name="characterizationOutput" nillable="true" type="xs:base64Binary"/>-->
  <xs:complexType name="characteriseResponse">
    <xs:sequence>
      <xs:element name="characterisation" type="tns:characterisation"/>
    </xs:sequence>
  </xs:complexType>
  <xs:complexType name="characterisation">
    <xs:sequence>
      <xs:element name="formatURI" type="xs:anyURI" maxOccurs="unbounded"/>
      <xs:element name="bestFormat" type="xs:anyURI"/>
      <xs:element name="validationStatus" type="xs:string"/>
      <xs:element name="identifyServiceDescriptions" type="xs:string" minOccurs="0" maxOccurs="unbounded"/>
      <xs:element name="identifyServiceReports" type="xs:string" minOccurs="0" maxOccurs="unbounded"/>
      <xs:element name="validateServiceDescriptions" type="xs:string" minOccurs="0" maxOccurs="unbounded"/>
      <xs:element name="validateServiceReports" type="xs:string" minOccurs="0" maxOccurs="unbounded"/>
    </xs:sequence>
  </xs:complexType>
  <xs:complexType name="characterise">
    <xs:sequence>
      <xs:element ref="tns:pid"/>
      <xs:element ref="tns:acceptedFormats" minOccurs="0" maxOccurs="unbounded"/>
    </xs:sequence>
  </xs:complexType>
</xs:schema>]]></con:content><con:type>http://www.w3.org/2001/XMLSchema</con:type></con:part></con:definitionCache><con:endpoints><con:endpoint>http://localhost:8080/characteriser/characterise/</con:endpoint></con:endpoints><con:operation isOneWay="false" action="" name="characterise" bindingOperationName="characterise" type="Request-Response" inputName="" receivesAttachments="false" sendsAttachments="false" anonymous="optional"><con:settings/><con:call name="Request 1"><con:settings><con:setting id="com.eviware.soapui.impl.wsdl.WsdlRequest@request-headers">&lt;xml-fragment/></con:setting></con:settings><con:encoding>UTF-8</con:encoding><con:endpoint>http://localhost:8080/characteriser/characterise/</con:endpoint><con:request><![CDATA[<soapenv:Envelope xmlns:soapenv="http://schemas.xmlsoap.org/soap/envelope/" xmlns:char="http://characterise.bitstorage.doms.statsbiblioteket.dk/">
   <soapenv:Header/>
   <soapenv:Body>
      <char:characterise>
         <char:pid>doms:test_file_object</char:pid>
         <!--Zero or more repetitions:-->
         <char:acceptedFormats>info:pronom/x-fmt/438</char:acceptedFormats>
      </char:characterise>
   </soapenv:Body>
</soapenv:Envelope>]]></con:request><con:jmsConfig JMSDeliveryMode="PERSISTENT"/><con:jmsPropertyConfig/><con:wsaConfig mustUnderstand="NONE" version="200508" action="http://characterise.bitstorage.doms.statsbiblioteket.dk/CharacteriseSoapWebservice/characteriseRequest"/><con:wsrmConfig version="1.2"/></con:call></con:operation></con:interface><con:properties/><con:wssContainer/></con:soapui-project>